scenario_id,origin,destination,value_usd,is_hazmat,is_temp_control,expected_transit_days,iot_alert_count,recent_delay_events,lane_risk_index,border_crossing_count,carrier_incident_rate_90d,carrier_tenure_days,risk_score,risk_band
1,US,US,10000,False,False,4,0,0,0.1,0,0.0,400,0,LOW
2,US,US,10000,False,False,4,0,0,0.1,0,0.08,400,26,LOW
3,US,MX,10000,False,False,4,0,0,0.1,1,0.0,400,1,LOW
4,US,MX,10000,False,False,4,0,0,0.1,1,0.08,400,31,LOW
5,US,US,10000,False,False,4,0,0,0.8,0,0.0,400,38,LOW
6,US,US,10000,False,False,4,0,0,0.8,0,0.08,400,68,MEDIUM
7,US,MX,10000,False,False,4,0,0,0.8,1,0.0,400,43,MEDIUM
8,US,MX,10000,False,False,4,0,0,0.8,1,0.08,400,73,HIGH
9,US,US,10000,False,False,4,0,2,0.1,0,0.0,400,6,LOW
10,US,US,10000,False,False,4,0,2,0.1,0,0.08,400,36,LOW
11,US,MX,10000,False,False,4,0,2,0.1,1,0.0,400,11,LOW
12,US,MX,10000,False,False,4,0,2,0.1,1,0.08,400,41,MEDIUM
13,US,US,10000,False,False,4,0,2,0.8,0,0.0,400,48,MEDIUM
14,US,US,10000,False,False,4,0,2,0.8,0,0.08,400,78,HIGH
15,US,MX,10000,False,False,4,0,2,0.8,1,0.0,400,53,MEDIUM
16,US,MX,10000,False,False,4,0,2,0.8,1,0.08,400,83,HIGH
17,US,US,10000,False,False,4,2,0,0.1,0,0.0,400,16,LOW
18,US,US,10000,False,False,4,2,0,0.1,0,0.08,400,46,MEDIUM
19,US,MX,10000,False,False,4,2,0,0.1,1,0.0,400,21,LOW
20,US,MX,10000,False,False,4,2,0,0.1,1,0.08,400,51,MEDIUM
21,US,US,10000,False,False,4,2,0,0.8,0,0.0,400,58,MEDIUM
22,US,US,10000,False,False,4,2,0,0.8,0,0.08,400,88,HIGH
23,US,MX,10000,False,False,4,2,0,0.8,1,0.0,400,63,MEDIUM
24,US,MX,10000,False,False,4,2,0,0.8,1,0.08,400,93,HIGH
25,US,US,10000,False,False,4,2,2,0.1,0,0.0,400,26,LOW
26,US,US,10000,False,False,4,2,2,0.1,0,0.08,400,56,MEDIUM
27,US,MX,10000,False,False,4,2,2,0.1,1,0.0,400,31,LOW
28,US,MX,10000,False,False,4,2,2,0.1,1,0.08,400,61,MEDIUM
29,US,US,10000,False,False,4,2,2,0.8,0,0.0,400,68,MEDIUM
30,US,US,10000,False,False,4,2,2,0.8,0,0.08,400,98,HIGH
31,US,MX,10000,False,False,4,2,2,0.8,1,0.0,400,73,HIGH
32,US,MX,10000,False,False,4,2,2,0.8,1,0.08,400,100,HIGH
33,US,US,10000,True,False,4,0,0,0.1,0,0.0,400,6,LOW
34,US,US,10000,True,False,4,0,0,0.1,0,0.08,400,36,LOW
35,US,MX,10000,True,False,4,0,0,0.1,1,0.0,400,11,LOW
36,US,MX,10000,True,False,4,0,0,0.1,1,0.08,400,41,MEDIUM
37,US,US,10000,True,False,4,0,0,0.8,0,0.0,400,48,MEDIUM
38,US,US,10000,True,False,4,0,0,0.8,0,0.08,400,78,HIGH
39,US,MX,10000,True,False,4,0,0,0.8,1,0.0,400,53,MEDIUM
40,US,MX,10000,True,False,4,0,0,0.8,1,0.08,400,83,HIGH
41,US,US,10000,True,False,4,0,2,0.1,0,0.0,400,16,LOW
42,US,US,10000,True,False,4,0,2,0.1,0,0.08,400,46,MEDIUM
43,US,MX,10000,True,False,4,0,2,0.1,1,0.0,400,21,LOW
44,US,MX,10000,True,False,4,0,2,0.1,1,0.08,400,51,MEDIUM
45,US,US,10000,True,False,4,0,2,0.8,0,0.0,400,58,MEDIUM
46,US,US,10000,True,False,4,0,2,0.8,0,0.08,400,88,HIGH
47,US,MX,10000,True,False,4,0,2,0.8,1,0.0,400,63,MEDIUM
48,US,MX,10000,True,False,4,0,2,0.8,1,0.08,400,93,HIGH
49,US,US,10000,True,False,4,2,0,0.1,0,0.0,400,26,LOW
50,US,US,10000,True,False,4,2,0,0.1,0,0.08,400,56,MEDIUM
51,US,MX,10000,True,False,4,2,0,0.1,1,0.0,400,31,LOW
52,US,MX,10000,True,False,4,2,0,0.1,1,0.08,400,61,MEDIUM
53,US,US,10000,True,False,4,2,0,0.8,0,0.0,400,68,MEDIUM
54,US,US,10000,True,False,4,2,0,0.8,0,0.08,400,98,HIGH
55,US,MX,10000,True,False,4,2,0,0.8,1,0.0,400,73,HIGH
56,US,MX,10000,True,False,4,2,0,0.8,1,0.08,400,100,HIGH
57,US,US,10000,True,False,4,2,2,0.1,0,0.0,400,36,LOW
58,US,US,10000,True,False,4,2,2,0.1,0,0.08,400,66,MEDIUM
59,US,MX,10000,True,False,4,2,2,0.1,1,0.0,400,41,MEDIUM
60,US,MX,10000,True,False,4,2,2,0.1,1,0.08,400,71,HIGH
61,US,US,10000,True,False,4,2,2,0.8,0,0.0,400,78,HIGH
62,US,US,10000,True,False,4,2,2,0.8,0,0.08,400,100,HIGH
63,US,MX,10000,True,False,4,2,2,0.8,1,0.0,400,83,HIGH
64,US,MX,10000,True,False,4,2,2,0.8,1,0.08,400,100,HIGH
65,US,US,150000,False,False,4,0,0,0.1,0,0.0,400,11,LOW
66,US,US,150000,False,False,4,0,0,0.1,0,0.08,400,41,MEDIUM
67,US,MX,150000,False,False,4,0,0,0.1,1,0.0,400,16,LOW
68,US,MX,150000,False,False,4,0,0,0.1,1,0.08,400,46,MEDIUM
69,US,US,150000,False,False,4,0,0,0.8,0,0.0,400,53,MEDIUM
70,US,US,150000,False,False,4,0,0,0.8,0,0.08,400,83,HIGH
71,US,MX,150000,False,False,4,0,0,0.8,1,0.0,400,58,MEDIUM
72,US,MX,150000,False,False,4,0,0,0.8,1,0.08,400,88,HIGH
73,US,US,150000,False,False,4,0,2,0.1,0,0.0,400,21,LOW
74,US,US,150000,False,False,4,0,2,0.1,0,0.08,400,51,MEDIUM
75,US,MX,150000,False,False,4,0,2,0.1,1,0.0,400,26,LOW
76,US,MX,150000,False,False,4,0,2,0.1,1,0.08,400,56,MEDIUM
77,US,US,150000,False,False,4,0,2,0.8,0,0.0,400,63,MEDIUM
78,US,US,150000,False,False,4,0,2,0.8,0,0.08,400,93,HIGH
79,US,MX,150000,False,False,4,0,2,0.8,1,0.0,400,68,MEDIUM
80,US,MX,150000,False,False,4,0,2,0.8,1,0.08,400,98,HIGH
81,US,US,150000,False,False,4,2,0,0.1,0,0.0,400,31,LOW
82,US,US,150000,False,False,4,2,0,0.1,0,0.08,400,61,MEDIUM
83,US,MX,150000,False,False,4,2,0,0.1,1,0.0,400,36,LOW
84,US,MX,150000,False,False,4,2,0,0.1,1,0.08,400,66,MEDIUM
85,US,US,150000,False,False,4,2,0,0.8,0,0.0,400,73,HIGH
86,US,US,150000,False,False,4,2,0,0.8,0,0.08,400,100,HIGH
87,US,MX,150000,False,False,4,2,0,0.8,1,0.0,400,78,HIGH
88,US,MX,150000,False,False,4,2,0,0.8,1,0.08,400,100,HIGH
89,US,US,150000,False,False,4,2,2,0.1,0,0.0,400,41,MEDIUM
90,US,US,150000,False,False,4,2,2,0.1,0,0.08,400,71,HIGH
91,US,MX,150000,False,False,4,2,2,0.1,1,0.0,400,46,MEDIUM
92,US,MX,150000,False,False,4,2,2,0.1,1,0.08,400,76,HIGH
93,US,US,150000,False,False,4,2,2,0.8,0,0.0,400,83,HIGH
94,US,US,150000,False,False,4,2,2,0.8,0,0.08,400,100,HIGH
95,US,MX,150000,False,False,4,2,2,0.8,1,0.0,400,88,HIGH
96,US,MX,150000,False,False,4,2,2,0.8,1,0.08,400,100,HIGH
97,US,US,150000,True,False,4,0,0,0.1,0,0.0,400,21,LOW
98,US,US,150000,True,False,4,0,0,0.1,0,0.08,400,51,MEDIUM
99,US,MX,150000,True,False,4,0,0,0.1,1,0.0,400,26,LOW
100,US,MX,150000,True,False,4,0,0,0.1,1,0.08,400,56,MEDIUM
101,US,US,150000,True,False,4,0,0,0.8,0,0.0,400,63,MEDIUM
102,US,US,150000,True,False,4,0,0,0.8,0,0.08,400,93,HIGH
103,US,MX,150000,True,False,4,0,0,0.8,1,0.0,400,68,MEDIUM
104,US,MX,150000,True,False,4,0,0,0.8,1,0.08,400,98,HIGH
105,US,US,150000,True,False,4,0,2,0.1,0,0.0,400,31,LOW
106,US,US,150000,True,False,4,0,2,0.1,0,0.08,400,61,MEDIUM
107,US,MX,150000,True,False,4,0,2,0.1,1,0.0,400,36,LOW
108,US,MX,150000,True,False,4,0,2,0.1,1,0.08,400,66,MEDIUM
109,US,US,150000,True,False,4,0,2,0.8,0,0.0,400,73,HIGH
110,US,US,150000,True,False,4,0,2,0.8,0,0.08,400,100,HIGH
111,US,MX,150000,True,False,4,0,2,0.8,1,0.0,400,78,HIGH
112,US,MX,150000,True,False,4,0,2,0.8,1,0.08,400,100,HIGH
113,US,US,150000,True,False,4,2,0,0.1,0,0.0,400,41,MEDIUM
114,US,US,150000,True,False,4,2,0,0.1,0,0.08,400,71,HIGH
115,US,MX,150000,True,False,4,2,0,0.1,1,0.0,400,46,MEDIUM
116,US,MX,150000,True,False,4,2,0,0.1,1,0.08,400,76,HIGH
117,US,US,150000,True,False,4,2,0,0.8,0,0.0,400,83,HIGH
118,US,US,150000,True,False,4,2,0,0.8,0,0.08,400,100,HIGH
119,US,MX,150000,True,False,4,2,0,0.8,1,0.0,400,88,HIGH
120,US,MX,150000,True,False,4,2,0,0.8,1,0.08,400,100,HIGH
121,US,US,150000,True,False,4,2,2,0.1,0,0.0,400,51,MEDIUM
122,US,US,150000,True,False,4,2,2,0.1,0,0.08,400,81,HIGH
123,US,MX,150000,True,False,4,2,2,0.1,1,0.0,400,56,MEDIUM
124,US,MX,150000,True,False,4,2,2,0.1,1,0.08,400,86,HIGH
125,US,US,150000,True,False,4,2,2,0.8,0,0.0,400,93,HIGH
126,US,US,150000,True,False,4,2,2,0.8,0,0.08,400,100,HIGH
127,US,MX,150000,True,False,4,2,2,0.8,1,0.0,400,98,HIGH
128,US,MX,150000,True,False,4,2,2,0.8,1,0.08,400,100,HIGH
